timestamp,temperature,humidity
2025-01-01 00:00:00,18.4500062925987,60.19542531330452
2025-01-01 01:00:00,18.92683611304064,68.70379182378034
2025-01-01 02:00:00,18.81997817154965,69.33394523867973
2025-01-01 03:00:00,20.009354163007085,57.153470458878154
2025-01-01 04:00:00,21.891971614466765,72.54197552730116
2025-01-01 05:00:00,21.73479129000075,62.79510704153265
2025-01-01 06:00:00,23.657568870009733,50.080604894240366
2025-01-01 07:00:00,24.42137557328961,56.85892635487382
2025-01-01 08:00:00,26.53909169875285,50.12208333126422
2025-01-01 09:00:00,27.78717786435034,48.19282949663322
2025-01-01 10:00:00,27.914178588950016,49.522919499777586
2025-01-01 11:00:00,28.365926637147723,52.518273220562534
2025-01-01 12:00:00,29.17916680562255,58.8054049148267
2025-01-01 13:00:00,29.304982528794643,46.458108496412606
2025-01-01 14:00:00,28.164640627893245,60.455942940737444
2025-01-01 15:00:00,25.513346697552144,48.59083782256388
2025-01-01 16:00:00,25.059350368393087,57.950445201751606
2025-01-01 17:00:00,25.48297784547461,56.45397372497271
2025-01-01 18:00:00,23.88664603773273,53.85990379549131
2025-01-01 19:00:00,23.904627572541784,59.249863954482535
2025-01-01 20:00:00,21.980362291071255,66.60871904546376
2025-01-01 21:00:00,20.12481891550022,62.92387543258377
2025-01-01 22:00:00,20.61593440373062,62.309152628757495
2025-01-01 23:00:00,19.71113591623772,64.83082477800038
2025-01-02 00:00:00,21.030407349479706,66.19141092473542
2025-01-02 01:00:00,19.13408214300682,67.25121270337992
2025-01-02 02:00:00,20.70239062945111,61.633862474856265
2025-01-02 03:00:00,20.915655495585657,60.65977368365153
2025-01-02 04:00:00,22.67147510048064,60.42148936654923
2025-01-02 05:00:00,20.7847502262621,56.25449818639905
2025-01-02 06:00:00,24.941573090324724,62.42525230853608
2025-01-02 07:00:00,24.08305359108356,58.15850189687387
2025-01-02 08:00:00,26.603940243596043,54.251335881522984
2025-01-02 09:00:00,27.237372427368772,54.24580785595183
2025-01-02 10:00:00,29.646964239554748,55.145254560578564
2025-01-02 11:00:00,27.500881459225585,44.78111736144979
2025-01-02 12:00:00,29.588351563638614,56.74691571723877
2025-01-02 13:00:00,29.643579576903537,45.8592964862845
2025-01-02 14:00:00,29.431405528625913,51.67636420460728
2025-01-02 15:00:00,26.409393718390298,53.67189565961046
2025-01-02 16:00:00,27.286717737068408,57.94577787910835
2025-01-02 17:00:00,22.38958256066985,54.91145089858168
2025-01-02 18:00:00,22.731385773884487,63.44410174595016
2025-01-02 19:00:00,21.686748699000795,61.023619372856466
2025-01-02 20:00:00,22.70457840408388,67.58921374898965
2025-01-02 21:00:00,19.770925957916216,59.59023728377908
2025-01-02 22:00:00,21.285338201235202,60.64347582815749
2025-01-02 23:00:00,21.122340359392453,71.97248862350295
2025-01-03 00:00:00,19.148765341757265,75.13067974454191
2025-01-03 01:00:00,18.217643975661233,71.27079586408483
2025-01-03 02:00:00,19.468363480410048,58.46273245100363
2025-01-03 03:00:00,18.465498534870285,62.723958851736356
2025-01-03 04:00:00,21.93239304767831,70.2026125010243
2025-01-03 05:00:00,23.937994245728547,69.18969092725743
2025-01-03 06:00:00,24.76695970723498,65.6505154840579
2025-01-03 07:00:00,24.53472732825451,61.48443698747993
2025-01-03 08:00:00,27.175570599624738,60.47229888554918
2025-01-03 09:00:00,26.985562074058326,47.73282357832015
2025-01-03 10:00:00,28.27334765425526,55.88802993764876
2025-01-03 11:00:00,27.873061253598674,54.858273017895094
2025-01-03 12:00:00,27.77322260134555,50.371089179852135
2025-01-03 13:00:00,27.039628807860105,50.64500126878107
2025-01-03 14:00:00,28.59725703475326,60.060302791278005
2025-01-03 15:00:00,26.219485372736006,52.00002095311633
2025-01-03 16:00:00,25.642023392086728,56.8823426096096
2025-01-03 17:00:00,25.773600188978442,52.46758617207225
2025-01-03 18:00:00,25.976227075623157,59.16694391773954
2025-01-03 19:00:00,21.467356893932877,62.238049707271834
2025-01-03 20:00:00,21.47807702676553,56.23676652180615
2025-01-03 21:00:00,20.483274619369624,62.898014139617
2025-01-03 22:00:00,21.784770646882777,57.87401495320469
2025-01-03 23:00:00,20.187866731452306,68.1166887898089
2025-01-04 00:00:00,18.813108983746805,69.23106440228797
2025-01-04 01:00:00,19.730747472301807,77.99849748491411
2025-01-04 02:00:00,18.445839749235745,61.24754058209481
2025-01-04 03:00:00,20.73633424861368,59.25726476047075
2025-01-04 04:00:00,22.247402937033634,67.1203219235311
2025-01-04 05:00:00,23.278153742640797,59.494831115255764
2025-01-04 06:00:00,20.984100537251496,72.16596066634182
2025-01-04 07:00:00,24.87031657549495,58.915003666468984
2025-01-04 08:00:00,26.710728364302323,59.80286411125966
2025-01-04 09:00:00,26.57667074690536,50.28950835982468
2025-01-04 10:00:00,26.560503886242113,54.3405987798379
2025-01-04 11:00:00,28.33712331474619,50.66675654015049
2025-01-04 12:00:00,28.199285449984604,48.152483008036555
2025-01-04 13:00:00,27.94446851712999,48.582178937413204
2025-01-04 14:00:00,28.20576739243929,53.92275333162948
2025-01-04 15:00:00,26.677041109496063,61.985268661231565
2025-01-04 16:00:00,24.943688474510928,59.22474903907405
2025-01-04 17:00:00,25.633359881439752,61.940717121105784
2025-01-04 18:00:00,23.344067118751287,63.035533221662796
2025-01-04 19:00:00,22.684437364582216,63.409123645233024
2025-01-04 20:00:00,21.210458809852224,64.67986486571638
2025-01-04 21:00:00,22.065040245616615,62.300524444026934
2025-01-04 22:00:00,20.156347164479744,72.33890244479092
2025-01-04 23:00:00,19.15604010669401,71.4221524203247
2025-01-05 00:00:00,19.290773856655875,68.38856808054777
2025-01-05 01:00:00,18.4880287907563,65.285076580978
2025-01-05 02:00:00,20.33491690337356,62.20018492438876
2025-01-05 03:00:00,20.28863229638452,70.87434501400516
2025-01-05 04:00:00,21.50148731739153,65.50074400010186
2025-01-05 05:00:00,22.513026066178853,57.65217918739329
2025-01-05 06:00:00,23.743937859664356,60.621905840300336
2025-01-05 07:00:00,23.487654356092506,50.134269200951
2025-01-05 08:00:00,27.69959660463286,57.82025649656336
2025-01-05 09:00:00,28.337949654995242,50.96614510844446
2025-01-05 10:00:00,29.357869826896106,49.610086345073455
2025-01-05 11:00:00,28.82851474619017,49.7566656751083
2025-01-05 12:00:00,29.312975251274445,47.399312275371855
2025-01-05 13:00:00,28.403644020282137,52.225238626374356
2025-01-05 14:00:00,28.51659118106284,58.77783190602765
2025-01-05 15:00:00,25.512012394934157,52.412293355254484
2025-01-05 16:00:00,26.801761573753815,56.66250340229535
2025-01-05 17:00:00,25.21104673827042,47.44319794025475
2025-01-05 18:00:00,23.600650176133332,59.079087111776566
2025-01-05 19:00:00,24.33519382311054,55.95242314190777
2025-01-05 20:00:00,22.596169989408683,66.63862738444652
2025-01-05 21:00:00,19.77000386945615,69.1694424712506
2025-01-05 22:00:00,19.170878867362582,66.76054712007956
2025-01-05 23:00:00,19.06872948453519,67.1264302694591
2025-01-06 00:00:00,19.44947232382714,61.23902723511093
2025-01-06 01:00:00,19.589519291763672,67.68998471737174
2025-01-06 02:00:00,18.91582380077411,72.45098041993097
2025-01-06 03:00:00,21.604479647254845,59.5296981390572
2025-01-06 04:00:00,22.561182480182882,66.73479345001557
2025-01-06 05:00:00,21.71935548611213,60.967758081510475
2025-01-06 06:00:00,24.565918514502684,69.46419719412386
2025-01-06 07:00:00,26.986942232516366,57.46452888663271
2025-01-06 08:00:00,26.452822840855145,55.78675371600314
2025-01-06 09:00:00,27.451401603283564,56.02363473824789
2025-01-06 10:00:00,29.69456368212952,55.4548177570591
2025-01-06 11:00:00,30.315981908044957,47.75012041418586
2025-01-06 12:00:00,29.841492502920666,56.665787610262136
2025-01-06 13:00:00,29.70331977254748,51.570554157962526
2025-01-06 14:00:00,28.94445320783596,57.745262487353614
2025-01-06 15:00:00,27.17473389774151,58.08316270600582
2025-01-06 16:00:00,26.551763878534388,60.00134300542639
2025-01-06 17:00:00,25.15963045128248,59.69516663873841
2025-01-06 18:00:00,25.34419812730594,63.28606181909808
2025-01-06 19:00:00,21.27417467640172,53.51174018374364
2025-01-06 20:00:00,22.508984044165782,64.71169197044945
2025-01-06 21:00:00,19.58165826597601,58.86060448317019
2025-01-06 22:00:00,21.397612860468556,71.00846657604637
2025-01-06 23:00:00,18.616262339666456,69.02974985777045
2025-01-07 00:00:00,18.996568395356874,67.77642182965872
2025-01-07 01:00:00,18.690296020774362,59.36202003638719
2025-01-07 02:00:00,20.020299720080953,61.32035539525833
2025-01-07 03:00:00,19.718452033718542,67.0075433704668
2025-01-07 04:00:00,20.8363667415127,62.15041682010721
2025-01-07 05:00:00,21.97461063993251,64.51019419419623
2025-01-07 06:00:00,24.49054796275829,55.01487845513556
2025-01-07 07:00:00,26.039410029811908,60.03449033129345
2025-01-07 08:00:00,26.491333532359167,42.73592884744899
2025-01-07 09:00:00,27.75336838170841,53.99502593815843
2025-01-07 10:00:00,28.0634233744207,52.56876660056975
2025-01-07 11:00:00,28.612442881354628,52.457757573865585
2025-01-07 12:00:00,29.01823039632299,46.344668476508076
2025-01-07 13:00:00,30.241454806222258,44.58029176434147
2025-01-07 14:00:00,28.381757121631004,42.937188612139465
2025-01-07 15:00:00,28.494188922105415,55.38975503072425
2025-01-07 16:00:00,27.250346565354885,52.30032888898365
2025-01-07 17:00:00,26.453338565005687,53.078471901285475
2025-01-07 18:00:00,23.183366064604236,62.4888696833414
2025-01-07 19:00:00,22.653553062633243,59.66235390236264
2025-01-07 20:00:00,20.676190819264285,64.03351195966484
2025-01-07 21:00:00,20.19872427646046,69.28657782011385
2025-01-07 22:00:00,20.331455045647946,76.97757073456506
2025-01-07 23:00:00,20.829027771774015,59.27548214050432
2025-01-08 00:00:00,18.03423197918059,60.65216161635888
2025-01-08 01:00:00,18.1052246542862,68.54973901151759
2025-01-08 02:00:00,19.712861131768165,55.49665099367244
2025-01-08 03:00:00,19.598921467624695,68.31352671279184
2025-01-08 04:00:00,22.249037169642982,58.19233952280342
2025-01-08 05:00:00,22.359011872235566,65.15701494799536
2025-01-08 06:00:00,23.87212119372418,55.08479774483784
2025-01-08 07:00:00,22.882088467818264,56.56637234908881
2025-01-08 08:00:00,25.62799102042118,57.900593779613054
2025-01-08 09:00:00,29.475896033221822,61.85586211573097
2025-01-08 10:00:00,28.062199777719822,56.48909110947886
2025-01-08 11:00:00,27.38916439130453,52.40871779101772
2025-01-08 12:00:00,28.182466659080106,54.526391979910585
2025-01-08 13:00:00,29.943652557157478,55.85175377964886
2025-01-08 14:00:00,28.054409599199605,54.864280558008126
2025-01-08 15:00:00,29.467932349982867,59.941720555062176
2025-01-08 16:00:00,27.404788960592306,53.597794392825385
2025-01-08 17:00:00,25.280020599917005,53.847599652591605
2025-01-08 18:00:00,25.73071644417901,57.7308921916771
2025-01-08 19:00:00,22.223518636188736,56.95099771116176
2025-01-08 20:00:00,21.656920700901413,64.48548249784216
2025-01-08 21:00:00,20.935116547137984,66.85098681864066
2025-01-08 22:00:00,21.023998815869362,67.48895539758925
2025-01-08 23:00:00,19.272646739181106,66.85761505529011
2025-01-09 00:00:00,19.56073461972724,69.80598251667558
2025-01-09 01:00:00,18.320241849534362,56.90677040860844
2025-01-09 02:00:00,18.52880121370685,67.94994569419413
2025-01-09 03:00:00,20.430447319237246,61.50618997957838
2025-01-09 04:00:00,20.3494343049529,61.71918051638971
2025-01-09 05:00:00,21.893126357453728,54.290269723781726
2025-01-09 06:00:00,24.284173783959428,61.17716524146591
2025-01-09 07:00:00,25.68934334478972,66.88931829209974
2025-01-09 08:00:00,26.23526150906148,66.14737460118893
2025-01-09 09:00:00,27.643086087150767,49.81119059818977
2025-01-09 10:00:00,29.19711442971162,50.992644263071526
2025-01-09 11:00:00,29.402423204082382,50.407258746356355
2025-01-09 12:00:00,29.314328023530415,51.44274720513189
2025-01-09 13:00:00,29.681286928616977,48.1425266451353
2025-01-09 14:00:00,29.267818080368812,55.25342356154266
2025-01-09 15:00:00,27.17069771382066,49.208959416613
2025-01-09 16:00:00,25.269981376039546,47.80592375427732
2025-01-09 17:00:00,25.92158443843836,55.672429112978996
2025-01-09 18:00:00,24.596627164149066,60.76087969854888
2025-01-09 19:00:00,22.34222492331151,58.97438900744978
2025-01-09 20:00:00,22.429617599724978,74.88831185663784
2025-01-09 21:00:00,19.052554877059162,68.15768020205232
2025-01-09 22:00:00,19.475060411432313,63.5178433148935
2025-01-09 23:00:00,21.579838868648743,68.26811367940026
2025-01-10 00:00:00,17.97524573196409,62.13379509944361
2025-01-10 01:00:00,20.111523857959256,73.55840853769874
2025-01-10 02:00:00,20.79995125448917,73.61338448877315
2025-01-10 03:00:00,20.584389524992545,69.54223231387242
2025-01-10 04:00:00,22.66890617887822,65.53156568048581
2025-01-10 05:00:00,22.25072376094387,59.10089222522429
2025-01-10 06:00:00,24.651382800436657,49.9601156444824
2025-01-10 07:00:00,26.812176272732103,57.21192524688406
2025-01-10 08:00:00,25.04204391239108,62.75608321539179
2025-01-10 09:00:00,27.442177044015253,49.21514449888304
2025-01-10 10:00:00,29.10302480381768,52.98158985162204
2025-01-10 11:00:00,28.250503023433083,52.94316835496172
2025-01-10 12:00:00,27.70116370838182,46.510472586793846
2025-01-10 13:00:00,28.451766774040944,60.427358244233425
2025-01-10 14:00:00,27.839767726020877,55.526567280961736
2025-01-10 15:00:00,26.460175794023076,46.64950908735372
2025-01-10 16:00:00,25.055370348196078,50.84648163709156
2025-01-10 17:00:00,24.648099134128397,64.49233397918026
2025-01-10 18:00:00,22.896359560656872,59.7539417020702
2025-01-10 19:00:00,21.482947652680007,66.10129994887575
2025-01-10 20:00:00,22.11150146664008,56.28705252554971
2025-01-10 21:00:00,22.987564502026544,58.6366849598698
2025-01-10 22:00:00,20.189184791015652,54.593780446756384
2025-01-10 23:00:00,19.92942507226278,62.99170837770983
2025-01-11 00:00:00,17.643401042852993,70.69565615644119
2025-01-11 01:00:00,20.392058800146124,74.07896929477928
2025-01-11 02:00:00,18.250868921324372,68.6100048818534
2025-01-11 03:00:00,18.86218258409887,64.7308312323975
2025-01-11 04:00:00,22.590121174425803,66.71267967865114
2025-01-11 05:00:00,24.033908880791515,70.78820114954779
2025-01-11 06:00:00,23.95193882415218,62.00279385447403
2025-01-11 07:00:00,25.203111846631757,62.059806237803585
2025-01-11 08:00:00,26.97783610505382,59.23048010201425
2025-01-11 09:00:00,27.98114401655694,62.48251418427905
2025-01-11 10:00:00,27.123323405337967,55.14498012603456
2025-01-11 11:00:00,30.418024356944287,48.12761439034825
2025-01-11 12:00:00,29.673432262066054,52.66430621114903
2025-01-11 13:00:00,29.244154951807563,50.39701404587101
2025-01-11 14:00:00,28.58345955804845,51.564209137867394
2025-01-11 15:00:00,26.760661606690483,54.664888718625114
2025-01-11 16:00:00,25.557303773936702,59.47985000144351
2025-01-11 17:00:00,24.767885481741455,45.700000251365054
2025-01-11 18:00:00,24.85397627442687,59.745678225060644
2025-01-11 19:00:00,21.740815739622597,63.896552318731004
2025-01-11 20:00:00,21.054657837607188,57.05502565529684
2025-01-11 21:00:00,21.309718926291964,55.24216773723419
2025-01-11 22:00:00,19.939927138599444,66.86498214902876
2025-01-11 23:00:00,18.41645672934224,68.08194696374865
2025-01-12 00:00:00,18.02100732826687,69.05271015782621
2025-01-12 01:00:00,19.98261418973905,64.95365845385761
2025-01-12 02:00:00,19.812946362950473,62.586520761364234
2025-01-12 03:00:00,20.520222876850248,65.94224461963684
2025-01-12 04:00:00,21.465287850728,63.6268925912641
2025-01-12 05:00:00,22.32859627924504,63.863210405914835
2025-01-12 06:00:00,23.571422313684117,52.923006848442135
2025-01-12 07:00:00,24.641893155846837,55.009921353761236
2025-01-12 08:00:00,25.328614383292503,62.56322283211655
2025-01-12 09:00:00,28.154632290032453,43.42140569158846
2025-01-12 10:00:00,28.13932713536077,49.42235479861528
2025-01-12 11:00:00,29.06204470031575,53.75665537108512
2025-01-12 12:00:00,27.58848591788891,55.84570032898387
2025-01-12 13:00:00,27.865212387298055,56.9598687759173
2025-01-12 14:00:00,30.772545950977054,45.57634405595223
2025-01-12 15:00:00,27.784573991360872,55.880094227893935
2025-01-12 16:00:00,26.0729282127046,49.96916668190157
2025-01-12 17:00:00,24.87404214404552,56.325674643044906
2025-01-12 18:00:00,25.378424349772274,54.82128888728479
2025-01-12 19:00:00,22.34857211035345,57.41444856912482
2025-01-12 20:00:00,20.623491608282748,55.778960698278965
2025-01-12 21:00:00,20.205602372619893,61.162978719201895
2025-01-12 22:00:00,18.97671586051487,69.23128821031095
2025-01-12 23:00:00,16.792031562152427,64.13929946378654
2025-01-13 00:00:00,19.76803895060554,63.862037470350714
2025-01-13 01:00:00,19.480239154748347,72.54714544730415
2025-01-13 02:00:00,20.353803365119237,66.51081004156326
2025-01-13 03:00:00,22.335405180178288,58.233632215723574
2025-01-13 04:00:00,21.53768483474158,67.46356275298368
2025-01-13 05:00:00,23.451941397934327,60.05256195151969
2025-01-13 06:00:00,24.097815905428032,60.13728400106281
2025-01-13 07:00:00,25.675828490867122,44.249053173689695
2025-01-13 08:00:00,25.739953022002137,51.58968563402322
2025-01-13 09:00:00,27.75898645226337,45.904808817966426
2025-01-13 10:00:00,28.179493309230647,50.77348901063656
2025-01-13 11:00:00,29.43233662597255,52.008401331466324
2025-01-13 12:00:00,27.690260733954485,54.29465375371891
2025-01-13 13:00:00,26.52159943047427,62.54847198795673
2025-01-13 14:00:00,27.09007249822238,55.74835593630799
2025-01-13 15:00:00,27.36158377696539,53.477968110547444
2025-01-13 16:00:00,27.022466094032303,49.89840557869284
2025-01-13 17:00:00,25.24163758482093,62.43618947344794
2025-01-13 18:00:00,24.76436778698569,63.654047041923214
2025-01-13 19:00:00,21.856942720030748,62.25281356848704
2025-01-13 20:00:00,21.478941996118717,64.70220394799759
2025-01-13 21:00:00,19.24686419669438,61.49570892095025
2025-01-13 22:00:00,20.43283551538572,66.75794452499922
2025-01-13 23:00:00,20.248977156275664,67.62944885097816
2025-01-14 00:00:00,19.073831449738087,69.4731032494528
2025-01-14 01:00:00,19.317916402088265,62.01840140162288
2025-01-14 02:00:00,20.514908301182423,63.70677175406445
2025-01-14 03:00:00,22.227866251395408,55.482114817123446
2025-01-14 04:00:00,21.40892559270624,59.849382171175336
2025-01-14 05:00:00,21.45861954028881,58.08678632995228
2025-01-14 06:00:00,24.491524304806422,58.16968860209463
2025-01-14 07:00:00,21.25255873741515,63.33177847653952
2025-01-14 08:00:00,25.660552208995593,65.30355844656049
2025-01-14 09:00:00,29.185824468587196,62.62069826344039
2025-01-14 10:00:00,28.410226458536528,68.19284046157641
2025-01-14 11:00:00,27.813552091274264,55.15569924245088
2025-01-14 12:00:00,27.458707833572486,57.52710242655199
2025-01-14 13:00:00,28.43114435494459,48.70670969884609
2025-01-14 14:00:00,29.13159416339869,43.332745792167685
2025-01-14 15:00:00,27.542378140467942,56.04174944000066
2025-01-14 16:00:00,24.221674495603892,61.99656127673362
2025-01-14 17:00:00,25.359271874396818,50.4447588975329
2025-01-14 18:00:00,23.314772685346615,65.1749423082092
2025-01-14 19:00:00,22.393117056782458,68.57296816862949
2025-01-14 20:00:00,20.727162712553312,69.74818621732969
2025-01-14 21:00:00,21.051884426944483,65.45704050236701
2025-01-14 22:00:00,19.43530873691036,69.64677297200514
2025-01-14 23:00:00,22.567265607501135,71.24345826928374
2025-01-15 00:00:00,17.332041452831085,70.2394412170578
2025-01-15 01:00:00,19.911534533775843,63.48321697475747
2025-01-15 02:00:00,20.53311610607333,71.31149575758741
2025-01-15 03:00:00,20.066997616933616,65.43386837873548
2025-01-15 04:00:00,21.598456687099123,55.635101424644915
2025-01-15 05:00:00,22.25233004120156,62.826864135160804
2025-01-15 06:00:00,23.506503798246648,56.913404632806554
2025-01-15 07:00:00,23.787326760298008,61.8551823348728
2025-01-15 08:00:00,27.45727772175412,70.36421408039561
2025-01-15 09:00:00,26.58672310778276,61.61684251667866
2025-01-15 10:00:00,28.2668068741729,50.268951197443144
2025-01-15 11:00:00,28.58307453665004,55.90865294077007
2025-01-15 12:00:00,26.838166689007053,55.073247557846
2025-01-15 13:00:00,27.28350142092219,43.134890012955154
2025-01-15 14:00:00,28.831908416383136,42.379266614902505
2025-01-15 15:00:00,25.421284283321143,51.507250580843746
2025-01-15 16:00:00,26.621589582435792,60.73805222466106
2025-01-15 17:00:00,26.787017859776366,66.85814722754544
2025-01-15 18:00:00,25.23052446284391,65.33141187805236
2025-01-15 19:00:00,23.62136741474923,58.14077763636258
2025-01-15 20:00:00,20.46174699060826,67.06520568317053
2025-01-15 21:00:00,20.50972779981724,65.79096047950434
2025-01-15 22:00:00,20.406615505983858,67.46645552032948
2025-01-15 23:00:00,19.625878806096615,67.00112978062553
2025-01-16 00:00:00,18.92150966804794,75.03766749859841
2025-01-16 01:00:00,18.793424051288238,63.37812496374532
2025-01-16 02:00:00,18.82233717945555,64.3018501499409
2025-01-16 03:00:00,19.538638827204977,64.22215653956137
2025-01-16 04:00:00,21.21103227979458,59.901866517398005
2025-01-16 05:00:00,22.20373386388412,51.15910485249867
2025-01-16 06:00:00,23.967826976238054,53.75518472817947
2025-01-16 07:00:00,25.88226312692712,53.31327326524958
2025-01-16 08:00:00,24.792428757414104,50.37516748093395
2025-01-16 09:00:00,26.850000438741084,56.92413862260996
2025-01-16 10:00:00,27.305972970195473,45.52005590627811
2025-01-16 11:00:00,29.306597655776052,54.19365382344489
2025-01-16 12:00:00,30.524060925692208,55.51874458665218
2025-01-16 13:00:00,29.55511398793349,50.3445551547933
2025-01-16 14:00:00,29.91196286245129,46.14986658714027
2025-01-16 15:00:00,27.080215128046074,61.160196253225486
2025-01-16 16:00:00,26.047731848391102,58.17827918171156
2025-01-16 17:00:00,22.361583858748777,57.762540019335354
2025-01-16 18:00:00,21.68798869343741,60.62480563853406
2025-01-16 19:00:00,23.111839376717455,61.470641489314175
2025-01-16 20:00:00,21.823428968708924,63.86643562948291
2025-01-16 21:00:00,20.8892260692166,72.22843997736786
2025-01-16 22:00:00,20.124810877034534,71.63529615769649
2025-01-16 23:00:00,18.78903895986509,64.20598410709462
2025-01-17 00:00:00,19.647186465244424,62.063798502362765
2025-01-17 01:00:00,19.261310666875705,68.58325039060881
2025-01-17 02:00:00,20.453290406712764,53.811422838500675
2025-01-17 03:00:00,20.29376591714285,66.14189555079611
2025-01-17 04:00:00,21.405396798299993,60.93262493976498
2025-01-17 05:00:00,23.243124012344573,64.35506980536339
2025-01-17 06:00:00,22.99037527604018,55.181410728554276
2025-01-17 07:00:00,23.753326712493518,56.90017083136555
2025-01-17 08:00:00,27.106501586256133,58.96604751439006
2025-01-17 09:00:00,27.461623498205082,52.01684613719979
2025-01-17 10:00:00,28.369053250313154,58.45212189944733
2025-01-17 11:00:00,30.71867786779337,53.86384894724738
2025-01-17 12:00:00,29.822472200571095,49.058844554980794
2025-01-17 13:00:00,29.637511228739772,50.10544033936469
2025-01-17 14:00:00,26.914726479334714,53.32295494542713
2025-01-17 15:00:00,27.375848285154877,51.51131787708865
2025-01-17 16:00:00,26.442380360222227,58.12341484596164
2025-01-17 17:00:00,27.118619098586063,54.11262229281496
2025-01-17 18:00:00,24.67038914577758,63.9901871785061
2025-01-17 19:00:00,22.428332804678448,64.41071625515475
2025-01-17 20:00:00,22.345560949482035,62.75357017206561
2025-01-17 21:00:00,20.70260217148577,66.747764044959
2025-01-17 22:00:00,19.340846521564515,77.01149668459816
2025-01-17 23:00:00,19.66963824626181,68.4567768046166
2025-01-18 00:00:00,18.18540263415079,62.541807037675206
2025-01-18 01:00:00,19.37038467716836,67.78783833380002
2025-01-18 02:00:00,18.6391077971189,75.17498288608692
2025-01-18 03:00:00,19.26457563145633,62.020419916271756
2025-01-18 04:00:00,20.361235009514107,59.87228840835722
2025-01-18 05:00:00,23.406820968796783,60.408618414680994
2025-01-18 06:00:00,24.020399235212878,66.37619636720035
2025-01-18 07:00:00,25.13785490501723,59.86223339264644
2025-01-18 08:00:00,24.72189355948669,58.74760524901164
2025-01-18 09:00:00,28.920610124690395,57.53786487157564
2025-01-18 10:00:00,27.45145016089299,59.6250478125381
2025-01-18 11:00:00,28.49139892595623,49.708754930004886
2025-01-18 12:00:00,29.841168126262744,53.009701618861925
2025-01-18 13:00:00,29.075003704075502,49.81080470922248
2025-01-18 14:00:00,28.205629112596807,49.04836278357642
2025-01-18 15:00:00,27.543918707651535,55.16714203205792
2025-01-18 16:00:00,26.0197328417462,60.23069274277765
2025-01-18 17:00:00,27.130468634387576,73.09554360950028
2025-01-18 18:00:00,22.695005014471892,59.561973892331224
2025-01-18 19:00:00,24.838861965046224,66.97489818321775
2025-01-18 20:00:00,22.327554245061194,57.15485712581198
2025-01-18 21:00:00,18.104275244122878,64.17018334814175
2025-01-18 22:00:00,18.490259772886454,69.15260281464538
2025-01-18 23:00:00,20.029623163307516,72.77585173906743
2025-01-19 00:00:00,18.520934184774823,62.12363796067515
2025-01-19 01:00:00,19.462405104853996,73.74356743471473
2025-01-19 02:00:00,21.091603191283074,62.35125880330878
2025-01-19 03:00:00,22.48821161568236,61.577525116274366
2025-01-19 04:00:00,20.864112600992442,62.474328242563566
2025-01-19 05:00:00,23.591123802526027,61.462259727556216
2025-01-19 06:00:00,22.556116296777436,67.04597700100574
2025-01-19 07:00:00,22.55260538712806,58.0401028819391
2025-01-19 08:00:00,26.767236990217164,59.67270878191654
2025-01-19 09:00:00,26.663518053069577,52.240089246412595
2025-01-19 10:00:00,28.612715396839327,51.27356931899527
2025-01-19 11:00:00,29.171080831164858,52.112960976201975
2025-01-19 12:00:00,29.22515677719573,54.24988249448952
2025-01-19 13:00:00,29.975593645698194,58.346750664680656
2025-01-19 14:00:00,26.07221581039266,59.065685685876865
2025-01-19 15:00:00,26.11159219491168,50.05156706824128
2025-01-19 16:00:00,25.034632455449437,53.67892264174436
2025-01-19 17:00:00,26.500072596347156,59.09358423915401
2025-01-19 18:00:00,24.10826918309391,55.21296553703604
2025-01-19 19:00:00,23.08707280813556,73.02598894518536
2025-01-19 20:00:00,23.43445365678294,54.91031392914715
2025-01-19 21:00:00,19.251625816354423,61.77813395447468
2025-01-19 22:00:00,18.42017424866806,68.37167518700905
2025-01-19 23:00:00,19.690602414410133,69.36587514749662
2025-01-20 00:00:00,18.70426691902465,74.6070246451083
2025-01-20 01:00:00,19.45411909133815,55.89504915203254
2025-01-20 02:00:00,17.97586539578501,63.143410424595515
2025-01-20 03:00:00,21.407172493122303,47.86353285030576
2025-01-20 04:00:00,21.651687364322008,53.333665431361396
2025-01-20 05:00:00,23.336125237879155,58.47238452970652
2025-01-20 06:00:00,23.21124972808625,63.60476026081529
2025-01-20 07:00:00,26.482454882163953,60.51861175811692
2025-01-20 08:00:00,26.305088853313475,57.25052460328612
2025-01-20 09:00:00,26.801729569165865,48.59320207047183
2025-01-20 10:00:00,29.64047292346071,52.787821145635384
2025-01-20 11:00:00,27.47013612402657,59.18833146689894
2025-01-20 12:00:00,30.621530344618144,56.04902188478808
2025-01-20 13:00:00,28.294928231332804,51.29111845797477
2025-01-20 14:00:00,27.184954229845605,51.07171752625647
2025-01-20 15:00:00,29.630393361631327,55.335930346148764
2025-01-20 16:00:00,27.22812993562201,57.713833180135325
2025-01-20 17:00:00,27.213705460645357,74.18952198001881
2025-01-20 18:00:00,23.40250563828072,68.14184408194046
2025-01-20 19:00:00,23.090382766828014,65.94513774439623
2025-01-20 20:00:00,21.057433378817734,61.38965699239533
2025-01-20 21:00:00,20.964894507215952,61.028838778207216
2025-01-20 22:00:00,21.30386805391076,73.16660403627617
2025-01-20 23:00:00,19.997387634362006,62.37058997258319
2025-01-21 00:00:00,18.43776458078223,70.6650246586155
2025-01-21 01:00:00,19.424184272117238,69.79944623731902
2025-01-21 02:00:00,20.9325337636226,71.09638005532152
2025-01-21 03:00:00,19.197960305168397,64.45753771082818
2025-01-21 04:00:00,21.78933479898371,65.02793536852876
2025-01-21 05:00:00,22.390695248412847,65.26352035839089
2025-01-21 06:00:00,23.99874367130681,59.149683220281716
2025-01-21 07:00:00,24.36910753282017,53.46868130407407
2025-01-21 08:00:00,27.794766546446183,57.56553454421176
2025-01-21 09:00:00,27.546089230727873,42.51696991120267
2025-01-21 10:00:00,27.721532209285957,56.51617751005786
2025-01-21 11:00:00,28.8434345025841,50.36477314721015
2025-01-21 12:00:00,28.48279325222195,44.007589711865236
2025-01-21 13:00:00,28.551431314223507,43.82352371217935
2025-01-21 14:00:00,28.3530527667687,48.10434277994087
2025-01-21 15:00:00,26.789473889943753,53.66929323540754
2025-01-21 16:00:00,26.237175037118696,56.392352582170496
2025-01-21 17:00:00,24.955122556828115,50.872325707740515
2025-01-21 18:00:00,24.07806654777981,57.39385550196505
2025-01-21 19:00:00,21.799344791799836,63.05132541399987
2025-01-21 20:00:00,19.68135242510653,56.35485000369715
2025-01-21 21:00:00,21.1966998463322,65.26584840297046
2025-01-21 22:00:00,18.776970150254982,66.74154010233667
2025-01-21 23:00:00,18.892104523743004,60.709991029394686
2025-01-22 00:00:00,19.56345673310993,68.75318583983614
2025-01-22 01:00:00,20.1121753725239,52.86279457578249
2025-01-22 02:00:00,17.138819643457172,67.31363681722439
2025-01-22 03:00:00,22.546760100930513,67.23030812022749
2025-01-22 04:00:00,23.057096652723608,55.40106706467603
2025-01-22 05:00:00,23.209010171716084,57.8435515948206
2025-01-22 06:00:00,24.501799226720387,52.02756035182577
2025-01-22 07:00:00,25.30116158125069,67.53175576870237
2025-01-22 08:00:00,27.82838439848208,62.17366131917548
2025-01-22 09:00:00,27.61533125094626,41.285813652052866
2025-01-22 10:00:00,29.024380943592632,48.65291058091373
2025-01-22 11:00:00,28.383355255882872,56.43575737774149
2025-01-22 12:00:00,26.88496163659585,51.202109500393135
2025-01-22 13:00:00,28.27946112198967,51.84643168138567
2025-01-22 14:00:00,27.173533339207694,56.00441962198241
2025-01-22 15:00:00,26.734175226246712,59.34047969972377
2025-01-22 16:00:00,26.206404414497342,58.98098952286018
2025-01-22 17:00:00,26.158363354287953,62.727860594384055
2025-01-22 18:00:00,22.617950631197537,52.8255077118462
2025-01-22 19:00:00,23.05913058512837,61.30870030448878
2025-01-22 20:00:00,22.500659214847023,63.42965687658146
2025-01-22 21:00:00,20.608650607740323,68.18020190338734
2025-01-22 22:00:00,19.46821721966684,65.78650874722439
2025-01-22 23:00:00,20.319798166030843,69.45747887825043
2025-01-23 00:00:00,18.889203594183456,72.03951580444601
2025-01-23 01:00:00,19.78764751897046,63.228303911589556
2025-01-23 02:00:00,19.034473948449623,71.08271680446428
2025-01-23 03:00:00,20.078957970195976,57.989860071351366
2025-01-23 04:00:00,19.907227762683235,59.32231637381193
2025-01-23 05:00:00,22.791803439981162,56.57004443937097
2025-01-23 06:00:00,23.366690160735285,62.709197485861814
2025-01-23 07:00:00,26.456218833929775,57.6965932442869
2025-01-23 08:00:00,28.695325964528386,55.61990389121848
2025-01-23 09:00:00,29.02622414857716,61.749615101096225
2025-01-23 10:00:00,28.608276210211848,48.38363240488293
2025-01-23 11:00:00,30.122247538501387,58.006241709496884
2025-01-23 12:00:00,29.591689064635258,43.57119644805378
2025-01-23 13:00:00,27.865230329923943,44.69129338713526
2025-01-23 14:00:00,28.446091346429963,49.051893775757236
2025-01-23 15:00:00,27.668426510562316,59.20918194194846
2025-01-23 16:00:00,25.412640095837098,58.59961273410683
2025-01-23 17:00:00,25.722881158824272,55.0288880340225
2025-01-23 18:00:00,23.68498438016564,49.773220714841216
2025-01-23 19:00:00,22.445757407137723,56.73329565612496
2025-01-23 20:00:00,21.695970529613604,53.53937065372979
2025-01-23 21:00:00,20.905458730060857,66.19189078038346
2025-01-23 22:00:00,18.59193395538823,59.05252905171004
2025-01-23 23:00:00,18.645802946978687,58.71062881654319
2025-01-24 00:00:00,18.968504139590706,71.83761541525126
2025-01-24 01:00:00,17.515330695164096,64.75502375620563
2025-01-24 02:00:00,17.978383255581413,71.7402516637936
2025-01-24 03:00:00,20.965272254119142,66.75020914421827
2025-01-24 04:00:00,20.383059084123985,61.55123312927289
2025-01-24 05:00:00,21.552316677816442,60.74155147176198
2025-01-24 06:00:00,23.305036062806092,49.39566108901977
2025-01-24 07:00:00,26.983152608596956,66.87857506406942
2025-01-24 08:00:00,27.491555052376533,52.919399134969055
2025-01-24 09:00:00,26.69297017509614,52.70264560191048
2025-01-24 10:00:00,26.608825127261184,47.61201391739318
2025-01-24 11:00:00,28.838764995231426,58.56694644272718
2025-01-24 12:00:00,26.742333345339677,58.726588284261965
2025-01-24 13:00:00,30.91331483271726,61.8056244576413
2025-01-24 14:00:00,26.49592980317971,50.93297864146362
2025-01-24 15:00:00,26.220512875542738,48.03540005352294
2025-01-24 16:00:00,26.27147196300003,56.52725938754808
2025-01-24 17:00:00,24.693419116552988,54.47778292454985
2025-01-24 18:00:00,22.97375098352084,61.43914061853499
2025-01-24 19:00:00,20.874461216475837,63.03570161726772
2025-01-24 20:00:00,20.747681940425995,58.110495671808934
2025-01-24 21:00:00,20.363211262816762,62.62867652153629
2025-01-24 22:00:00,19.539393484793592,60.541919122268865
2025-01-24 23:00:00,19.798434081704148,63.267008965055524
2025-01-25 00:00:00,19.87493076507947,72.86084592249443
2025-01-25 01:00:00,19.84079258975149,72.2980848916361
2025-01-25 02:00:00,18.143994675511475,69.65346207116393
2025-01-25 03:00:00,19.294307848608714,68.88257690865133
2025-01-25 04:00:00,22.28094331050657,57.2992597791782
2025-01-25 05:00:00,22.901563108894603,71.26392242360726
2025-01-25 06:00:00,25.818746447398617,64.51047663171649
2025-01-25 07:00:00,26.23507478990192,57.19997376209707
2025-01-25 08:00:00,26.771689647200766,48.78694365062592
2025-01-25 09:00:00,28.95471600034884,44.80686260574967
2025-01-25 10:00:00,26.677795325940565,52.7761410903447
2025-01-25 11:00:00,27.23538963732779,52.60572543033035
2025-01-25 12:00:00,29.240262880943412,43.48377766742406
2025-01-25 13:00:00,27.81508036453059,57.19093477706015
2025-01-25 14:00:00,28.755584106303044,42.967594566976054
2025-01-25 15:00:00,27.149200391380347,54.63105108807211
2025-01-25 16:00:00,26.659854296221972,62.259692093955735
2025-01-25 17:00:00,24.810289134798342,55.29181006206791
2025-01-25 18:00:00,24.86541587359132,59.198928022164985
2025-01-25 19:00:00,23.414132779991775,65.02737771684917
2025-01-25 20:00:00,22.558861135606943,65.97401627576248
2025-01-25 21:00:00,19.337111370344296,65.44080460868123
2025-01-25 22:00:00,20.333260027748263,67.42024710515874
2025-01-25 23:00:00,17.666666552474666,73.01067865764236
2025-01-26 00:00:00,19.716424096828423,75.78291412892185
2025-01-26 01:00:00,18.253050687996033,60.537856842882015
2025-01-26 02:00:00,19.625073560013348,58.91729918846565
2025-01-26 03:00:00,20.265435096225257,53.93589589407604
2025-01-26 04:00:00,21.84238845692526,60.47942836036826
2025-01-26 05:00:00,22.62907302249534,69.71699084920117
2025-01-26 06:00:00,23.93954641917564,53.35667698601391
2025-01-26 07:00:00,24.238114274662596,60.01971988390966
2025-01-26 08:00:00,26.5956930354845,59.390324821739554
2025-01-26 09:00:00,27.131184610475486,58.13974083095755
2025-01-26 10:00:00,27.795777542929002,51.745341379000216
2025-01-26 11:00:00,28.746364513068762,53.29158688124822
2025-01-26 12:00:00,30.17734481461694,48.76753296538044
2025-01-26 13:00:00,27.17656480754409,53.75668158120374
2025-01-26 14:00:00,28.78790408794371,54.47735362676112
2025-01-26 15:00:00,26.326832791445298,60.10355916155641
2025-01-26 16:00:00,27.584411476073363,67.93150129868124
2025-01-26 17:00:00,23.9575679879858,56.098157403937925
2025-01-26 18:00:00,26.688897688829794,62.51261436552771
2025-01-26 19:00:00,22.974431313289298,57.24481235429995
2025-01-26 20:00:00,21.738364448391025,57.63981243833224
2025-01-26 21:00:00,20.214267643607652,68.42297205709501
2025-01-26 22:00:00,20.31616927154676,61.8212498849702
2025-01-26 23:00:00,19.515425478667765,76.302139278635
2025-01-27 00:00:00,18.964000792925756,64.41333169092619
2025-01-27 01:00:00,20.56621263257764,72.75478826541253
2025-01-27 02:00:00,20.54561174177941,71.2201760442901
2025-01-27 03:00:00,18.961148860788082,62.96904365919412
2025-01-27 04:00:00,21.76697664129943,56.191149605925126
2025-01-27 05:00:00,22.549277606528253,61.384272812927264
2025-01-27 06:00:00,22.969604934997577,67.99818594015682
2025-01-27 07:00:00,23.64832952810548,50.16624577094944
2025-01-27 08:00:00,27.728638533973434,56.19905673857992
2025-01-27 09:00:00,26.86783332449121,59.13401606358249
2025-01-27 10:00:00,28.613559382907724,54.95245489827337
2025-01-27 11:00:00,30.16431737022816,57.08843518645841
2025-01-27 12:00:00,29.622739118328475,57.04248632347424
2025-01-27 13:00:00,29.82229053642246,46.43690654941591
2025-01-27 14:00:00,28.851207424285782,53.505932264281725
2025-01-27 15:00:00,29.205461254667405,59.54425881848523
2025-01-27 16:00:00,25.06024261137739,64.44769134531609
2025-01-27 17:00:00,24.60050621379875,62.86539408715606
2025-01-27 18:00:00,24.335283566908075,53.25053416598354
2025-01-27 19:00:00,22.85908289974562,63.59034345431972
2025-01-27 20:00:00,20.855504316476143,55.076064492142216
2025-01-27 21:00:00,20.417991808397137,73.74612200240072
2025-01-27 22:00:00,19.939266818969198,65.60849098319378
2025-01-27 23:00:00,19.599541730908978,83.75082988404981
2025-01-28 00:00:00,18.08429904422055,66.9848818354365
2025-01-28 01:00:00,20.20864925267888,71.78985480187774
2025-01-28 02:00:00,20.184349837324543,66.77802275406337
2025-01-28 03:00:00,20.682475183640022,60.39820243871529
2025-01-28 04:00:00,21.490877987090073,56.33499306276767
2025-01-28 05:00:00,22.466941004146673,55.1437940288053
2025-01-28 06:00:00,25.526061780335993,57.80955333184406
2025-01-28 07:00:00,24.618032070977197,52.85881349807153
2025-01-28 08:00:00,24.633586934468482,61.19934512854038
2025-01-28 09:00:00,27.852509602815786,64.46841307125331
2025-01-28 10:00:00,27.087198832819634,54.87578305193289
2025-01-28 11:00:00,29.1997284438771,59.91061481015166
2025-01-28 12:00:00,28.14495675800937,55.72782470221016
2025-01-28 13:00:00,29.142207881424916,51.129335295470895
2025-01-28 14:00:00,28.25900787258248,58.89594568363108
2025-01-28 15:00:00,26.98843228541603,52.8270749931068
2025-01-28 16:00:00,26.053390462160795,60.79806382792876
2025-01-28 17:00:00,24.79701593895614,54.077527845032755
2025-01-28 18:00:00,22.467177921620856,66.01342013050723
2025-01-28 19:00:00,23.232806052410307,62.05333201186519
2025-01-28 20:00:00,21.680827537638372,68.80212091829513
2025-01-28 21:00:00,20.988892043119904,64.38599683841443
2025-01-28 22:00:00,20.702201073211114,70.58154395547707
2025-01-28 23:00:00,18.13568144142209,65.39011691802345
2025-01-29 00:00:00,20.05463766934778,62.56114773040619
2025-01-29 01:00:00,18.313804499231413,62.043408787995354
2025-01-29 02:00:00,19.615801670099025,68.52531742077578
2025-01-29 03:00:00,20.19442384003332,74.63299332723454
2025-01-29 04:00:00,20.53590237686984,62.18045460469507
2025-01-29 05:00:00,22.515565344982157,52.21962053870858
2025-01-29 06:00:00,24.24461001503598,54.09138814798905
2025-01-29 07:00:00,23.450397674288777,48.0262679954073
2025-01-29 08:00:00,27.194877029769575,56.94927753046739
2025-01-29 09:00:00,29.054997450056984,62.588444683155025
2025-01-29 10:00:00,29.132061951718555,53.67091553531852
2025-01-29 11:00:00,28.629256735800087,57.4008941637684
2025-01-29 12:00:00,27.37796778466989,53.33231540962142
2025-01-29 13:00:00,28.21180318752688,53.86204371544223
2025-01-29 14:00:00,26.405537653848018,52.50645244597873
2025-01-29 15:00:00,28.717664526101252,49.71030992454511
2025-01-29 16:00:00,24.432688604254448,62.24151874862632
2025-01-29 17:00:00,26.811347921050974,59.085291932518544
2025-01-29 18:00:00,25.516432584193435,52.00212137418523
2025-01-29 19:00:00,23.515329205071197,58.78925111040386
2025-01-29 20:00:00,20.836186149654463,72.07998986190115
2025-01-29 21:00:00,21.94785847057251,56.027492613021586
2025-01-29 22:00:00,18.746555325843794,72.65182004579874
2025-01-29 23:00:00,19.577806554923875,63.31301153476706
2025-01-30 00:00:00,20.220394755868025,71.79924381499504
2025-01-30 01:00:00,19.076418496222985,57.049078263219435
2025-01-30 02:00:00,21.15372816675132,68.08281127137552
2025-01-30 03:00:00,20.850378947190205,61.894703719215734
2025-01-30 04:00:00,20.49203715500748,62.25275759415096
2025-01-30 05:00:00,23.73336557536346,66.42624532031965
2025-01-30 06:00:00,24.277135422599837,59.71001697954886
2025-01-30 07:00:00,26.289114029633275,56.0099485149376
2025-01-30 08:00:00,25.902287500050473,58.47186233583432
2025-01-30 09:00:00,26.41899200940708,47.47523464132499
2025-01-30 10:00:00,28.75118802166851,46.042879853445754
2025-01-30 11:00:00,28.950472955293133,61.67407374538092
2025-01-30 12:00:00,29.37958311219001,50.91216451685135
2025-01-30 13:00:00,29.910101951402275,50.829460596167856
2025-01-30 14:00:00,28.39507920821251,51.67257697781457
2025-01-30 15:00:00,27.619579302649473,50.018943622627845
2025-01-30 16:00:00,26.034945032495635,62.31413742156387
2025-01-30 17:00:00,24.492559385024197,49.45671158705941
2025-01-30 18:00:00,24.076545047187267,64.25251025031201
2025-01-30 19:00:00,21.832154809700818,59.90047670692165
2025-01-30 20:00:00,20.22756520597233,73.71041673509283
2025-01-30 21:00:00,20.23379686976852,61.83779585896676
2025-01-30 22:00:00,19.573783711036437,75.38571831656459
2025-01-30 23:00:00,20.646977867170182,61.747548724980604
2025-01-31 00:00:00,18.373601445860643,75.567639704174
2025-01-31 01:00:00,17.553638696490808,62.99620511756497
2025-01-31 02:00:00,20.712532075867696,66.99684215296101
2025-01-31 03:00:00,22.182811674808537,65.7111935986016
2025-01-31 04:00:00,21.949723471771573,54.282199182458186
2025-01-31 05:00:00,22.164556172762673,59.11223894687793
2025-01-31 06:00:00,24.275481155623986,57.93771382780835
2025-01-31 07:00:00,24.509476274604634,62.731858485582165
2025-01-31 08:00:00,26.455245312820818,47.369498374940484
2025-01-31 09:00:00,26.370008560470307,44.36843179679848
2025-01-31 10:00:00,27.947989646502393,50.63397754286564
2025-01-31 11:00:00,27.552916716089342,57.94151714358652
2025-01-31 12:00:00,29.546926640347234,50.99270483520263
2025-01-31 13:00:00,28.7521608056469,47.08321218095889
2025-01-31 14:00:00,30.481619607683413,62.2459152378253
2025-01-31 15:00:00,28.220270356691632,50.01518495788269
2025-01-31 16:00:00,28.38091808762468,57.9707956067587
2025-01-31 17:00:00,25.062672294593384,51.56477403987971
2025-01-31 18:00:00,23.538396964276664,61.97585202657381
2025-01-31 19:00:00,23.811991632538636,63.833257168475704
2025-01-31 20:00:00,21.83847031210411,63.21870860787808
2025-01-31 21:00:00,21.04939742202173,65.90485803236551
2025-01-31 22:00:00,19.944138032193365,67.67468645837806
2025-01-31 23:00:00,20.30329495156643,66.65689861899995
